system_variable_name,value,code,description
sex,Male,,
sex,Female,,
sex,Other,,
sex,Unknown,,
race,White,,
race,Black or African American,,
race,Asian,,
race,American Indian or Alaska Native,,
race,Native Hawaiian or Other Pacific Islander,,
race,Other,,
race,Unknown,,
ethnicity,Hispanic or Latino,,
ethnicity,Not Hispanic or Latino,,
ethnicity,Unknown,,
last_vital_status,Dead,,
last_vital_status,Alive,,
last_vital_status,Unknown,,
first_event_type,Death,,
first_event_type,Recurrence,,
first_event_type,Progression,,
first_event_type,Censored,,
first_event_type,"Event, NOS",,
first_event_type,No event,,
first_event_type,Second malignant neoplasm,,
first_event_type,Metastasis,,
first_event_type,Ongoing disease,,
first_event_type,Unknown,,
metastasis_diagnosis,Yes,,
metastasis_diagnosis,No,,
metastasis_diagnosis,Unknown,,
source_project,PCDC Children's Health,,
source_project,Osteosarcoma Explorer,,
source_project,Rhabdomyosarcoma Explorer,,
source_project,Germ Cell Tumor Explorer,,
source_project,Pediatric PDX Explorer,,
source_project,CPRIT Pediatric Solid Tumors Comprehensive Data Resource Core (MDACC),,
pathimg,Yes,,
pathimg,No,,
dx_vocab,ICD-O-3.1 (customized),,
dx_group,Lymphoid leukemia,,
dx_group,Leukemia NOS,,
dx_group,Rhabdomyosarcoma,,
dx_group,Non-Hodgkin lymphoma,,
dx_group,Myeloid leukemia,,
dx_group,Non-Rhabdomyosarcoma soft tissue sarcoma,,
dx_group,Central nervous system tumor,,
dx_group,Hodgkin lymphoma,,
dx_group,Osteosarcoma,8248/3,
dx_group,Neuroblastoma,8241/6,
dx_group,Rare tumor,8343/2,
dx_group,Liver tumor,8060/3,
dx_group,Ewing sarcoma,8041/2,
dx_group,Germ cell tumor,8000/2,
dx_group,Renal tumor,8262/2,
dx_group,Other,8255/2,
dx_name,"Apudoma, malignant",8562/2,
dx_name,Enterochromaffin cell carcinoid,9530/9,
dx_name,Non-invasive EFVPTC,8249/6,
dx_name,"Squamous papillomatosis, malignant",9550/1,
dx_name,"Small cell carcinoma, in situ",8825/3,
dx_name,"Neoplasm, in situ",8083/2,
dx_name,Villous adenocarcinoma in situ,8490/0,
dx_name,"Adenocarcinoma with mixed subtypes, in situ",8490/2,
dx_name,Epithelial-myoepithelial carcinoma in situ,8241/0,
dx_name,"Meningioma, malignant, uncertain whether primary or metastatic site",9080/2,
dx_name,Atypical carcinoid tumor,8050/1,
dx_name,"Plexiform neurofibroma, borderline malignant",9999/9,
dx_name,Myofibroblastic sarcoma,8244/2,
dx_name,Basaloid squamous cell carcinoma in situ,9550/3,
dx_name,"Signet ring cell tumor, benign",9084/2,
dx_name,Signet ring cell carcinoma in situ,8242/0,
dx_name,"Enterochromaffin cell carcinoid, benign",8690/3,
dx_name,"Teratoma, in situ",8330/2,
dx_name,Papilloma of uncertain malignant potential,9350/0,
dx_name,Unknown histology,8442/2,
dx_name,"Mixed adenoneuroendocrine carcinoma, in situ (ICD-O-3 update)",9351/3,
dx_name,"Plexiform neurofibroma, malignant",8821/3,
dx_name,"Dermoid cyst, in situ, NOS",9351/0,
dx_name,"Enterochromaffin-like cell carcinoid, benign",8462/2,
dx_name,Middle ear paraganglioma,9100/2,
dx_name,Follicular adenocarcinoma in situ,9350/3,
dx_name,"Craniopharyngioma, benign",8121/2,
dx_name,"Serous cystadenoma, in situ",8593/3,
dx_name,"Malignant craniopharyngioma, adamantinomatous",8072/2,
dx_name,"Aggressive fibromatosis, malignant",9352/0,
dx_name,"Craniopharyngioma, adamantinomatous, benign",8153/0,
dx_name,Serous papillary cystadenocarcinoma in situ,8590/3,
dx_name,"Choriocarcinoma in situ, NOS",8400/2,
dx_name,"Craniopharyngioma, malignant",8146/3,
dx_name,"Transitional cell carcinoma in situ, inverted, NOS",8480/2,
dx_name,"Malignant stromal tumor, with sex cord elements",8481/2,
dx_name,"Sq. cell carcinoma, lg. cell, non-ker., in situ",8550/2,
dx_name,"Papillary craniopharyngioma, benign",8140/9,
dx_name,"Gastrinoma, benign",8053/3,
dx_name,"Ovarian stromal tumor, mal.",8240/0,
dx_name,Sweat gland adenocarcinoma in situ,8560/2,
dx_name,Monomorphic adenocarcinoma,9989/1,
dx_name,Mucinous adenocarcinoma in situ,9413/1,
dx_name,Mucin-producing adenocarcinoma in situ,8261/1,
dx_name,Acinar cell carcinoma in situ,8070/9,
dx_name,"Adenocarcinoma,uncertain whether primary or metastatic site",8430/2,
dx_name,"Squamous cell papilloma, inverted, malignant",8146/2,
dx_name,"Carcinoid tumor, benign",8141/2,
dx_name,Squamous cell carcinoma in situ and glandular papilloma,8245/6,
dx_name,"Myelodysplastic syndrome, uncertain behaviour",8836/3,
dx_name,"Dysembryoplastic neuroepithelial tumor, borderline",8211/2,
dx_name,"Villous adenoma,uncertain behaviour",8574/2,
dx_name,"Squamous cell carcinoma,uncertain whether primary or metastatic site",8075/2,
dx_name,Mucoepidermoid carcinoma in situ,9505/0,
dx_name,"Monomorphic adenoma, in situ",8310/2,
dx_name,Scirrhous adenocarcinoma in situ,8213/2,
dx_name,Adenocarcinoid tumor,8451/3,
dx_name,Malignant angiomatoid fibrous histiocytoma,9539/0,
dx_name,Tubular adenocarcinoma in situ,8761/2,
dx_name,Adenocarcinoma in situ with neuroendocrine differentiation,8822/3,
dx_name,"Squamous cell carcinoma, adenoid, in situ",9538/0,
dx_name,"Ganglioglioma, benign",9073/3,
dx_name,Clear cell adenocarcinoma in situ,9101/2,
dx_name,"Serrated adenoma, in situ",8463/3,
dx_name,"Papillary cystadenoma,malignant",9161/3,
dx_name,"Atypical meningioma, benign",8250/2,
dx_name,Melanoma in situ in giant pigmented nevus,9014/2,
dx_name,"Abdominal fibrosis, malignant",8473/2,
dx_name,"Clear cell meningioma, benign",9091/3,
dx_name,"Gonadoblastoma, malignant",9413/3,
dx_name,"Choriocarcinoma combined with other germ cell elements, in situ",8143/2,
dx_name,Serous surface papillary carcinoma,8572/0,
dx_name,"Hemangioblastoma, malignant",8842/3,
dx_name,"Adenocarcinoma in situ of lung, non-mucinous",8022/2,
dx_name,"Serous adenocarcinofibroma, in situ",9506/3,
dx_name,"Papillary mucinous cystadenoma, in situ",9533/1,
dx_name,"Strumal carcinoid, malignant",9970/3,
dx_name,"Dysembryoplastic neuroepithelial tumor, malignant",8040/3,
dx_name,Superficial spreading adenocarcinoma in situ,8835/3,
dx_name,Adenoma with spindle cell metaplasia,8440/2,
dx_name,"Ossifying fibromyxoid tumor, malignant",8323/2,
dx_name,Pleomorphic carcinoma in situ,9054/3,
dx_name,"Neurocytoma, malignant",9085/2,
dx_name,"Psammomatous meningioma,uncertain behaviour",8800/6,
dx_name,"Lymphoproliferative disease, malignant, NOS",8246/2,
dx_name,"Tumorlet, malignant",8031/2,
dx_name,Malignant plexiform fibrohistiocytic tumor,9734/1,
dx_name,"Cystadenocarcinoma, in situ",8243/6,
dx_name,Mixed cell adenocarcinoma in situ,8242/6,
dx_name,"Adenomatoid tumor, malignant",9562/3,
dx_name,"Mixed germ cell tumor, in situ",8074/2,
dx_name,"sarcoma, metastatic site",8824/3,
dx_name,Neuroendocrine carcinoma in situ,8632/3,
dx_name,Giant cell carcinoma in situ,9104/3,
dx_name,"Plasmacytoma, extramedullary,uncertain behaviour",8004/0,
dx_name,Goblet cell carcinoid,9360/3,
dx_name,"Enterochromaffin-like cell tumor, malignant",8936/2,
dx_name,"Neurothekeoma, malignant",9361/3,
dx_name,"Squamous cell carcinoma, spindle cell, in situ",8090/2,
dx_name,"Myofibroma, malignant",9506/0,
dx_name,"Gynandroblastoma, malignant",8240/6,
dx_name,Malignant placental site trophoblastic tumor,8462/3,
dx_name,"tumor, spindle cell type, benign",9360/0,
dx_name,"Pinealoma, malignant",8622/3,
dx_name,"Gastrointestinal stromal tumor, NOS, in situ",8243/2,
dx_name,"Pineocytoma, malignant",8950/1,
dx_name,Basal cell carcinoma in situ,8200/2,
dx_name,"Central neurocytoma, benign",8032/2,
dx_name,"Carcinoid tumor, NOS",9718/1,
dx_name,Papillary serous cystadenocarcinoma,9590/9,
dx_name,"Pinealoma, benign",9986/1,
dx_name,"Juvenile granulosa cell tumor, malignant",9769/3,
dx_name,Goblet cell carcinoid in situ,8571/2,
dx_name,"Mullerian mixed tumor,uncertain behaviour",9300/3,
dx_name,Adenoid cystic carcinoma in situ,8011/2,
dx_name,Spindle cell carcinoma in situ,8030/2,
dx_name,Primary cutaneous CD30 positive T-cell lymphoproliferative disorder,8082/2,
dx_name,"Malignant lymphoma,uncertain whether primary or metastatic site",8260/2,
dx_name,"Myelodysplastic syndrome with 5q deletion (5q-) syndrome,uncertain behaviour",8041/6,
dx_name,"Immunoglobulin deposition disease, malignant",9766/3,
dx_name,"Adenocarcinoma in situ, cartilaginous and osseous metaplasia",9950/1,
dx_name,"Adenomatoid odontogenic tumor, malignant",8570/2,
dx_name,"Epithelioma, in situ",8573/2,
dx_name,Giant cell and spindle cell carcinoma in situ,9383/3,
dx_name,Lymphoepithelial carcinoma in situ,9500/2,
dx_name,"Papillary adenocarcinoma in situ, NOS",8473/3,
dx_name,"Small cell carcinoma, metastatic site",8442/3,
dx_name,"Lymphomatoid granulomatosis, grade 3",8691/3,
dx_name,"Polycythemia vera,uncertain behaviour",9200/3,
dx_name,Adenocarcinoma in situ with squamous metaplasia,8472/2,
dx_name,Adenocarcinoma in situ with apocrine metaplasia,9055/3,
dx_name,"Subependymoma, malignant",8580/2,
dx_name,"Neuroblastoma, in situ",9571/1,
dx_name,Papillary pseudomucinous cystadenocarcinoma,8012/2,
dx_name,"Serous cystadenoma, malignant",8692/3,
dx_name,Aortic body tumor,8381/2,
dx_name,"Osteosarcoma, malignant",8380/2,
dx_name,Mucinous cystic adenocarcinoma in situ,8071/2,
dx_name,"Multicystic mesothelioma, malignant",8051/2,
dx_name,"Thymoma, in situ, NOS",9393/1,
dx_name,"Perineurioma, borderline malignant",8246/6,
dx_name,"Large cell carcinoma, in situ",8033/2,
dx_name,Carotid body paraganglioma,9070/2,
dx_name,Endometrioid adenofibroma in situ,8073/2,
dx_name,Endometrioid intraepithelial neoplasia,9380/1,
dx_name,Differentiated intraepithelial neoplasia,8823/1,
dx_name,Verrucous carcinoma in situ,8540/2,
dx_name,"Papillary ependymoma,uncertain behaviour",8521/2,
dx_name,"Neuroendocrine carcinoma, NOS",8826/3,
dx_name,"Pseudosarcomatous carcinoma, in situ",8771/2,
dx_name,"Embryonal carcinoma, NOS, in situ",8160/2,
dx_name,"Squamous cell carcinoma, small cell, nonkeratinizing, in situ",9401/0,
dx_name,"Glioma, borderline (C71._)",8401/2,
dx_name,Desmoplastic fibroma,8370/2,
dx_name,"Paget disease, mammary in situ (C50._)",8743/2,
dx_name,Ductular carcinoma in situ (C50._),8721/2,
dx_name,"Angiomyofibroblastoma, malignant (C49._)",8145/2,
dx_name,Epithelioid cell melanoma in situ (C44._),8524/2,
dx_name,"Bile duct adenocarcinoma in situ (C22.1, C24.0)",8770/2,
dx_name,"Astrocytoma, anaplastic, benign (C71._)",8124/2,
dx_name,Apocrine adenocarcinoma in situ (C44._),8406/3,
dx_name,Adrenal cortical carcinoma in situ (C74.0),9321/3,
dx_name,"Superficial spreading melanoma, in situ",8441/2,
dx_name,"Nodular melanoma, in situ (C44._)",8390/2,
dx_name,"Carcinoma in situ, diffuse type (C16._)",8290/2,
dx_name,"Infiltrating lobular mixed with other types of carcinoma, in situ (C50._)",8726/3,
dx_name,Epithelioid and spindle cell melanoma in situ (C44._),8170/2,
dx_name,Cloacogenic carcinoma in situ (C21.2),8831/3,
dx_name,Syringocystadenocarcinoma papilliferum,9531/3,
dx_name,Central odontogenic fibrosarcoma (C41._),8542/2,
dx_name,Serous intraepithelial carcinoma,9382/0,
dx_name,Skin appendage carcinoma in situ (C44._),8823/3,
dx_name,Oxyphillic adenocarcinoma in situ (C73.9),9363/3,
dx_name,Malignant melanoma in magnocellular nevus (C69.4),8443/3,
dx_name,Hepatocellular carcinoma in situ (C22.0),9103/3,
dx_name,"Histiocytoma, NOS, malignant (C49._)",8760/3,
dx_name,"Meningiothelial meningioma, malignant (C70._)",9081/2,
dx_name,"Paget disease (in situ), extramammary (except Paget disease of bone) (C50._)",8220/2,
dx_name,"Mixed glioma, benign (C71._)",8081/3,
dx_name,Desmoplastic fibrosarcoma (C49._),8760/2,
dx_name,"Melanotic neuroectodermal tumor, malignant (C40._, C41._)",8042/2,
dx_name,Clear cell cystadenocarcinoma (C56.9),9380/0,
dx_name,"Partial hydatidiform mole, malignant (C58.9)",9342/3 ,
dx_name,Malignant melanoma in compound nevus (C44._),8252/2,
dx_name,"Teratocarcinoma, in situ (C22.0)",8247/6,
dx_name,Adenocarcinoma in situ in familial polyp. coli,8123/2,
dx_name,"Bowen's disease, malignant (C44._)",8683/3,
dx_name,Melanoma in situ in compound nevus (C44._),8712/3,
dx_name,Oat cell carcinoma in situ (C34._),8523/2,
dx_name,"Glioma, benign (C71._)",8402/2,
dx_name,Odontogenic carcinosarcoma,8745/2,
dx_name,"Bronchio-alveolar carcinoma, non-mucinous in situ (C34._)",8727/3,
dx_name,Merkel cell carcinoma (C44._),8271/3,
dx_name,"Basaloid carcinoma, in situ (C21.1)",8722/2,
dx_name,"Gangliocytic paraganglioma, malignant (C17.0)",8512/2,
dx_name,"Glomangioma, malignant (C49._)",8983/3,
dx_name,"Infiltr. duct mixed with other types of carcinoma, in situ",9160/3,
dx_name,"Nodular hidradenoma, in situ (C44._)",8450/2,
dx_name,"Desmoplastic melanoma, in situ (C44._)",8384/2,
dx_name,"Dysplastic nevus, malignant (C44._)",9535/3,
dx_name,"Prolactinoma, malignant (C75.1)",8144/2,
dx_name,"Balloon cell melanoma, in situ (C44._)",9534/3,
dx_name,Medullary carcinoma in situ with lymphoid stroma (C50._),8746/2,
dx_name,Adenomyoepithelioma with carcinoma,9537/3,
dx_name,Angiofibrosarcoma (C49._),9063/2,
dx_name,"Papillary cystadenocarcinoma in situ, NOS (C56.9)",8247/2,
dx_name,"Adenocarcinoma, endocervical type, in situ (C53._)",8461/2,
dx_name,"Hemangioblastic meningioma, malignant (C70._)",8723/2,
dx_name,"Adenocarcinoma in situ, intestinal type (C16._)",8893/3,
dx_name,"Angiomatous meningioma, malignant (C70._)",9531/1,
dx_name,Mucosal lentiginous melanoma in situ (C44._),8342/2,
dx_name,"Transitional meningioma, malignant (C70._)",8860/3,
dx_name,"Spermatocytic seminoma, in situ (C62._)",9282/3,
dx_name,"Merkel cell carcinoma, in situ (C44._)",9532/3,
dx_name,"Serous surface papilloma, in situ (C56.9)",9393/0,
dx_name,"Melanoma in situ, regressing (C44._)",8543/2,
dx_name,"Bizarre leiomyoma, malignant (C49._)",8471/2,
dx_name,"Meningiothelial meningioma, borderline (C70._)",9500/0,
dx_name,"Papillary carcinoma, encapsulated, in situ (C73.9)",9060/2,
dx_name,Angiomyoliposarcoma (C49._),9312/3,
dx_name,"Complex odontoma, malignant (C41._)",8507/3,
dx_name,"Fibrous meningioma, malignant (C70._)",8091/2,
dx_name,"Papillary ependymoma, benign (C71._)",8790/3,
dx_name,Paget disease in situ and intraductal carcinoma (C50._),8312/2,
dx_name,"Papillary mucinous cystadenoca situ, NOS (C56.9)",8077/3,
dx_name,"Neuroblastoma, benign (C71._)",8561/3,
dx_name,"Dysgerminoma, in situ (C56.9 [F], C62._[M])",8941/2,
dx_name,"Squamous odontogenic tumor, malignant (C41._)",8409/2,
dx_name,Invasive micropapillary carcinoma of breast,9533/3,
dx_name,"Multicentric basal cell carcinoma, in situ (C44._)",9381/0,
dx_name,"Cellular blue nevus, malignant (C44._)",9061/2,
dx_name,Renal cell carcinoma in situ (C64.9),9125/3,
dx_name,"Squamous cell carcinoma, grade III (C53._)",8740/2,
dx_name,"Warthin tumor, malignant",8103/3,
dx_name,"Carcinoma in situ in pleomorphic adenoma (C07._, C08._)",8335/2,
dx_name,Porocarcinoma in situ,8502/2,
dx_name,"Psammomatous meningioma, malignant (C70._)",8744/2,
dx_name,"Gliomatosis cerebri, benign (C71._)",8253/2,
dx_name,"Seminoma, in situ (C62._)",8508/2,
dx_name,"Epithelioid hemangioma, malignant (C49._)",9400/1,
dx_name,Melanoma in situ in junctional nevus (C44._),8510/2,
dx_name,"Pilar tumor, malignant (C44._)",8272/1,
dx_name,Macrofollicular carcinoma in situ (C73.9),8325/3,
dx_name,"Secretory carcinoma of breast, in situ (C50._)",8094/2,
dx_name,"Acral lentiginous melanoma, in situ (C44._)",8410/2,
dx_name,"Adenocarcinoma in situ of lung, mucinous",8270/1,
dx_name,"Cystic hypersecretory carcinoma, in situ (C50._)",8897/3,
dx_name,"Astrocytoma, borderline malignancy (C71._)",8444/3,
dx_name,"Medullary carcinoma in situ, NOS (C73.9)",9121/1,
dx_name,"Pituitary, borderline malignancy (C75.1)",9421/3,
dx_name,Metanephric adenocarcinoma (C64._),8621/3,
dx_name,Basosquamous carcinoma in situ (C44._),8472/3,
dx_name,Sebaceous adenocarcinoma in situ (C44._),9391/1,
dx_name,"Chromophobe adenoma, borderline (C75.1)",8623/3,
dx_name,Malignant tumor of smooth muscle,9394/3,
dx_name,"Clear cell cystic tumor, malignant",8221/2,
dx_name,"Cavernous hemangioma, borderline",8131/2,
dx_name,Pilocytic astrocytoma,8240/2,
dx_name,"Granulosa cell-theca cell tumor, mal.",8841/3,
dx_name,Mucinous cystadenocarcinoma,9384/3,
dx_name,Sellar ependymoma,8602/3,
dx_name,"Sex cord tumor with annular tubules, malignant",8772/2,
dx_name,"Myxopapillary ependymoma, malignant",8382/2,
dx_name,Adenocarc. in situ in mult. adenomatous polyps,8341/2,
dx_name,"Transitional cell carcinoma in situ, micropapillary",8340/2,
dx_name,"Carcinoid tumor, in situ",9440/0,
dx_name,"Angiomyxoma, malignant",9013/3,
dx_name,"Supependymal giant cell astrocytoma, malignant",8100/3,
dx_name,"Sclerosing stromal tumor, malignant (C56.9)",8316/2,
dx_name,"Spindle cell melanoma in situ, NOS (C44._)",8460/2,
dx_name,"Endometrioid adenocarcinoma in situ, secretory variant (C56.9 [F], C61.9 [M])",8046/2,
dx_name,Papillary microcarcinoma in situ (C73.9),9440/1,
dx_name,"Papillary carcinoma follicular variant, in situ follicular variant (C73.9)",8080/3,
dx_name,"Glioblastoma, benign (C71._)",9450/0,
dx_name,"Adenofibroma, malignant (C56.9)",8023/3,
dx_name,Trichoblastic carcinoma,8054/0,
dx_name,Cyst-associated renal cell carcinoma in situ (C64.9),8054/3,
dx_name,"Serous borderline tumor, micropapillary variant",8070/0,
dx_name,Non-small cell carcinoma in situ (C34._),8072/0,
dx_name,"Glioblastoma, borderline (C71._)",8084/0,
dx_name,"Queyrat erythroplasia, malignant (C60._)",8085/3,
dx_name,"Oligodendroglioma, benign (C71._)",8086/3,
dx_name,Nuclear protein in testis (NUT)-associated carcinoma,8103/1,
dx_name,Warty dyskeratoma,8250/0,
dx_name,Warty carcinoma,8256/3,
dx_name,Actinic keratosis,8257/3,
dx_name,Large cell acanthoma,8260/1,
dx_name,Clear cell acanthoma,8316/1,
dx_name,"Squamous cell carcinoma, HPV positive",8323/1,
dx_name,"Squamous cell carcinoma, HPV negative",8335/1,
dx_name,Proliferating trichilemmal cyst,8336/1,
dx_name,Atypical adenomatous hyperplasia,8474/0,
dx_name,"Minimally invasive adenocarcinoma, non-mucinous",8474/1,
dx_name,"Minimally invasive adenocarcinoma, mucinous",8474/3,
dx_name,Aggressive papillary tumor,8509/2,
dx_name,Multilocular cystic renal neoplasm of low malignant potential,8509/3,
dx_name,Clear cell papillary renal cell carcinoma,8519/2,
dx_name,Follicular tumor of uncertain malignant potential,8590/0,
dx_name,Hyalinizing trabecular tumor,8594/1,
dx_name,Seromucinous cystadenoma,8643/1,
dx_name,Seromucinous borderline tumor,8681/3,
dx_name,Seromucinous carcinoma,8682/3,
dx_name,Solid papillary carcinoma in situ,8711/1,
dx_name,Solid papillary carcinoma with invasion,8714/0,
dx_name,"Lobular carcinoma in situ, pleomorphic",8714/3,
dx_name,"Sex cord-stromal tumor, benign",8742/0,
dx_name,"Mixed germ cell-sex cord-stromal tumor, NOS",8802/1,
dx_name,Intratubular large cell hyalinizing Sertoli cell neoplasia,8811/1,
dx_name,Sympathetic paraganglioma,8813/1,
dx_name,Parasympathetic paraganglioma,8816/0,
dx_name,Glomangiomatosis,8817/0,
dx_name,"Perivascular epithelioid tumor, benign",8828/0,
dx_name,"Perivascular epithelioid tumor, malignant",8832/1,
dx_name,Lentiginous melanocytic nevus,8833/1,
dx_name,Pleomorphic hyalinizing angiectatic tumor,8841/0,
dx_name,Myxoinflammatory fibroblastic sarcoma,8851/1,
dx_name,Palmar/plantar type fibromatosis,8860/1,
dx_name,Calcifying aponeurotic fibroma,8896/0,
dx_name,Calcifying fibrous tumor,9137/3,
dx_name,Nodular fasciitis,9138/1,
dx_name,"Dermatofibrosarcoma protuberans, NOS",9211/0,
dx_name,Pigmented dermatofibrosarcoma protuberans,9212/0,
dx_name,"Angiomyxoma, NOS",9213/0,
dx_name,Lipofibromatosis,9222/1,
dx_name,"Angiomyolipoma, epithelioid",9230/1,
dx_name,Myxoid leiomyoma,9137/0,
dx_name,Intimal sarcoma,9252/1,
dx_name,Pseudomyogenic (epithelioid sarcoma-like) hemangioendothelioma,9260/0,
dx_name,Osteochondromyxoma,9302/3,
dx_name,Bizarre parosteal osteochondromatous proliferation,9341/3,
dx_name,Subungual exostosis,9385/3,
dx_name,Atypical cartilaginous tumor,9478/3,
dx_name,"Chondroblastoma, NOS",9542/3,
dx_name,Myointimoma,9563/0,
dx_name,"Tenosynovial giant cell tumor, diffuse",9673/1,
dx_name,Aneurysmal bone cyst,9695/1,
dx_name,Ghost cell odontogenic carcinoma,9725/1,
dx_name,Clear cell odontogenic carcinoma,9877/3,
dx_name,"Diffuse midline glioma, H3 K27M-mutant",8511/3,
dx_name,Embryonal tumor with multilayered rosettes with C19MC alteration,9656/3,
dx_name,"Malignant peripheral nerve sheath tumor, epithelioid",9821/3,
dx_name,"Nerve sheath tumor, NOS",9890/3,
dx_name,In situ mantle cell neoplasia,9968/3,
dx_name,In situ follicular neoplasia,9828/3,
dx_name,Hydroa vacciniforme-like lymphoproliferative disorder,8104/0,
dx_name,Acute myeloid leukemia with mutated NPM1,8144/0,
dx_name,Medullary carcinoma with amyloid stroma (ICD-O-2),8158/3,
dx_name,"Hodgkin disease, nodular sclerosis, NOS (ICD-O-1)",8273/3,
dx_name,"Acute lymphoblastic leukemia, NOS (ICD-O-2)",8311/3,
dx_name,"Monocytic leukemia, NOS (ICD-O-2)",8339/3,
dx_name,Myeloid or lymphoid neoplasm with PCM1-JAK2,8348/1,
dx_name,"Acute lymphoblastic leukemia, L2 type, NOS",8349/1,
dx_name,Pilar sheath acanthoma,8563/0,
dx_name,"Adenoma, intestinal type",8622/0,
dx_name,ACTH-producing tumor,8744/0,
dx_name,Pituitary blastoma,8780/1,
dx_name,Hereditary leiomyomatosis and renal cell carcinoma (HLRCC) syndrome-associated renal cell carcinoma,8815/1,
dx_name,"Follicular carcinoma, encapsulated, angioinvasive",8818/0,
dx_name,Well differentiated tumor of uncertain malignant potential,8992/0,
dx_name,Non-invasive follicular thyroid neoplasm with papillary-like nuclear features (NIFTP),9045/3,
dx_name,Lymphadenoma,9052/1,
dx_name,"Granulosa cell tumor of testis, juvenile",9086/3,
dx_name,Acral nevus,9126/0,
dx_name,Pigmented epithelioid melanocytoma,9370/0,
dx_name,"Solitary fibrous tumor, NOS",9396/3,
dx_name,Fibrous dysplasia,9445/3,
dx_name,Pulmonary hamartoma,9475/3,
dx_name,Biphenotypic sinonasal sarcoma,9476/3,
dx_name,Well differentiated papillary mesothelioma of pleura,9477/3,
dx_name,Germ cell tumor with associated hematological malignancy,9591/1,
dx_name,Atypical vascular lesion,9680/1,
dx_name,Benign notochordal cell tumor,9702/1,
dx_name,"Ependymoma, RELA fusion positive",9709/1,
dx_name,"Glioblastoma, IDH-mutant",9715/3,
dx_name,"Medulloblastoma, WNT-activated, NOS",9749/3,
dx_name,"Medulloblastoma, SHH-activated and TP53-mutant",9761/1,
dx_name,"Medulloblastoma, non-WNT/non-SHH",9819/3,
dx_name,"Monoclonal B-cell lymphocytosis, NOS",9823/1,
dx_name,EBV positive mucocutaneous ulcer,9878/3,
dx_name,Indolent T-cell lymphoproliferative disorder of gastrointestinal tract,9879/3,
dx_name,Primary cutaneous CD4 positive small/medium T-cell lymphoproliferative disorder,9912/3,
dx_name,"Anaplastic large cell lymphoma, ALK negative",9993/3,
dx_name,Erdheim-Chester disease,8441/1,
dx_name,IgM monoclonal gammopathy of undetermined significance,8000/0,
dx_name,"B lymphoblastic leukemia/lymphoma, BCR-ABL1-like",8000/1,
dx_name,"Monoclonal B-cell lymphocytosis, CLL type",8000/3,
dx_name,Acute myeloid leukemia with biallelic mutation of CEBPA,8000/6,
dx_name,Acute myeloid leukemia with mutated RUNX1,8000/9,
dx_name,Acute myeleoid leukemia with BCR-ABL1,8001/0,
dx_name,Myelodysplastic syndrome with ring sideroblasts and multilineage dysplasia,8001/1,
dx_name,"Serous cystadenoma, borderline malignant",8001/3,
dx_name,"Neoplasm, benign",8002/3,
dx_name,"Neoplasm, uncertain whether benign or malignant",8003/3,
dx_name,"Neoplasm, malignant",8004/3,
dx_name,"Neoplasm, metastatic",8005/0,
dx_name,"Neoplasm, malignant, uncertain whether primary or metastatic",8005/3,
dx_name,"Tumor cells, benign",8010/0,
dx_name,"Tumor cells, uncertain whether benign or malignant",8344/3,
dx_name,"Tumor cells, malignant",8345/3,
dx_name,"Malignant tumor, small cell type",8346/3,
dx_name,"Malignant tumor, giant cell type",8347/3,
dx_name,"Malignant tumor, spindle cell type",8350/3,
dx_name,"Clear cell tumor, NOS",8360/1,
dx_name,"Malignant tumor, clear cell type",8361/0,
dx_name,"Epithelial tumor, benign",8370/0,
dx_name,"Papillary carcinoma, columnar cell",8370/3,
dx_name,Medullary thyroid carcinoma,8371/0,
dx_name,Mixed medullary-follicular carcinoma,8372/0,
dx_name,Mixed medullary-papillary carcinoma,8373/0,
dx_name,Nonencapsulated sclerosing carcinoma,8374/0,
dx_name,Multiple endocrine adenomas,8375/0,
dx_name,Juxtaglomerular tumor,8380/0,
dx_name,"Adrenal cortical adenoma, NOS",8380/1,
dx_name,Adrenal cortical carcinoma,8380/3,
dx_name,"Adrenal cortical adenoma, compact cell",8381/0,
dx_name,"Adrenal cortical adenoma, pigmented",8381/1,
dx_name,"Adrenal cortical adenoma, clear cell",8381/3,
dx_name,"Adrenal cortical adenoma, glomerulosa cell",8382/3,
dx_name,"Adrenal cortical adenoma, mixed cell",8383/3,
dx_name,"Endometrioid adenoma, NOS",8384/3,
dx_name,"Endometrioid adenoma, borderline malignancy",8390/0,
dx_name,"Endometrioid adenocarcinoma, NOS",8390/3,
dx_name,"Endometrioid adenofibroma, NOS",8391/0,
dx_name,"Endometrioid adenofibroma, borderline malignancy",8392/0,
dx_name,"Endometrioid adenofibroma, malignant",8400/0,
dx_name,"Endometrioid adenocarcinoma, secretory variant",8400/1,
dx_name,"Endometrioid adenocarcinoma, ciliated cell variant",8400/3,
dx_name,"Adenocarcinoma, endocervical type, NOS",8401/0,
dx_name,Skin appendage adenoma,8401/3,
dx_name,"Adnexal adenocarcinoma, NOS",8402/0,
dx_name,Follicular fibroma,8402/3,
dx_name,Syringofibroadenoma,8403/0,
dx_name,Sweat gland adenoma,8403/3,
dx_name,"Sweat gland tumor, NOS",8404/0,
dx_name,Sweat gland adenocarcinoma,8405/0,
dx_name,Apocrine adenoma,8406/0,
dx_name,Apocrine adenocarcinoma,8407/0,
dx_name,"Hidradenoma, NOS",8407/3,
dx_name,Hidradenocarcinoma,8408/0,
dx_name,"Spiradenoma, NOS",8408/1,
dx_name,Malignant eccrine spiradenoma,8408/3,
dx_name,Hidrocystoma,8409/0,
dx_name,Papillary hidradenoma,8409/3,
dx_name,Syringocystadenoma papilliferum,8410/0,
dx_name,"Syringoma, NOS",8410/3,
dx_name,Microcystic adnexal carcinoma,8413/3,
dx_name,Eccrine papillary adenoma,8420/0,
dx_name,Aggressive digital papillary adenoma,8420/3,
dx_name,Digital papillary adenocarcinoma,8430/1,
dx_name,"Poroma, NOS",8430/3,
dx_name,"Porocarcinoma, NOS",8440/0,
dx_name,Sebaceoma,8440/3,
dx_name,Sebaceous carcinoma,8441/0,
dx_name,Eccrine adenocarcinoma,8441/3,
dx_name,Ceruminous adenoma,8442/1,
dx_name,Ceruminous adenocarcinoma,8443/0,
dx_name,Mucoepidermoid tumor,8444/1,
dx_name,Mucoepidermoid carcinoma,8450/0,
dx_name,"Cystadenoma, NOS",8450/3,
dx_name,"Cystadenocarcinoma, NOS",8451/1,
dx_name,"Serous cystadenoma, NOS",8452/1,
dx_name,"Serous carcinoma, NOS",8452/3,
dx_name,"Serous borderline tumor, NOS",8453/0,
dx_name,Clear cell cystadenoma,8453/1,
dx_name,Clear cell cystic tumor of borderline malignancy,8453/2,
dx_name,"Papillary cystadenoma, NOS",8453/3,
dx_name,"Papillary cystadenocarcinoma, NOS",8454/0,
dx_name,"Papillary cystadenoma, borderline malignancy",8460/0,
dx_name,Solid pseudopapillary tumor of ovary,8460/3,
dx_name,Solid pseudopapillary neoplasm of pancreas,8461/0,
dx_name,Intraductal papillary mucinous adenoma,8461/3,
dx_name,Intraductal papillary-mucinous tumor with moderate dysplasia,8462/1,
dx_name,Intraductal papillary mucinous neoplasm with high grade dysplasia,8463/1,
dx_name,Intraductal papillary mucinous neoplasm with an associated invasive carcinoma,8470/0,
dx_name,Cystic tumor of atrio-ventricular node,8470/1,
dx_name,"Papillary serous cystadenoma, NOS",8470/2,
dx_name,Low grade serous carcinoma,8470/3,
dx_name,Serous surface papilloma,8471/0,
dx_name,High grade serous carcinoma,8471/3,
dx_name,Serous papillary cystic tumor of borderline malignancy (C56.9),8472/1,
dx_name,Serous surface papillary tumor of borderline malignancy,8473/1,
dx_name,"Mucinous cystadenoma, NOS",8480/0,
dx_name,Mucinous cystic tumor with moderate dysplasia,8480/3,
dx_name,Mucinous cystic neoplasm with high grade dysplasia,8480/6,
dx_name,"Mucinous cystadenocarcinoma, NOS",8481/3,
dx_name,"Papillary mucinous cystadenoma, NOS",8482/3,
dx_name,Papillary mucinous cystadenocarcinoma,8490/3,
dx_name,Mucinous cystic tumor of borderline malignancy,8490/6,
dx_name,"Papillary mucinous cystadenoma, borderline malignancy (C56.9)",8500/2,
dx_name,Mucinous adenoma,8500/3,
dx_name,Mucinous adenocarcinoma,8501/2,
dx_name,Pseudomyxoma peritonei,8501/3,
dx_name,Mucin-producing adenocarcinoma,8502/3,
dx_name,"Mucinous carcinoma, gastric type",8503/0,
dx_name,Signet ring cell carcinoma,8503/2,
dx_name,Metastatic signet ring cell carcinoma,8503/3,
dx_name,"Intraductal carcinoma, noninfiltrating, NOS",8504/0,
dx_name,"Infiltrating duct carcinoma, NOS",8504/2,
dx_name,"Comedocarcinoma, noninfiltrating",8504/3,
dx_name,"Comedocarcinoma, NOS",8505/0,
dx_name,Secretory carcinoma,8506/0,
dx_name,Intraductal papilloma,8507/2,
dx_name,Noninfiltrating intraductal papillary adenocarcinoma,8508/3,
dx_name,Intraductal papillary adenocarcinoma with invasion,8510/3,
dx_name,Intracystic papillary adenoma,8512/3,
dx_name,Encapsulated papillary carcinoma,8513/3,
dx_name,Encapsulated papillary carcinoma with invasion,8514/3,
dx_name,"Intraductal papillomatosis, NOS",8520/2,
dx_name,Adenoma of nipple,8520/3,
dx_name,Intraductal micropapillary carcinoma,8851/0,
dx_name,Cystic hypersecretory carcinoma,8851/3,
dx_name,"Medullary carcinoma, NOS",8852/0,
dx_name,Medullary carcinoma with lymphoid stroma,8852/3,
dx_name,Atypical medullary carcinoma,8853/3,
dx_name,"Duct carcinoma, desmoplastic type",8854/0,
dx_name,"Lobular carcinoma in situ, NOS",8854/3,
dx_name,"Lobular carcinoma, NOS",8855/3,
dx_name,Fibrolipoma,8856/0,
dx_name,"Liposarcoma, well differentiated, NOS",8857/0,
dx_name,Fibromyxolipoma,8857/3,
dx_name,Myxoid liposarcoma,8858/3,
dx_name,Round cell liposarcoma,8860/0,
dx_name,Pleomorphic lipoma,8861/0,
dx_name,Pleomorphic liposarcoma,8862/0,
dx_name,Mixed liposarcoma,8870/0,
dx_name,Intramuscular lipoma,8880/0,
dx_name,Spindle cell lipoma,8881/0,
dx_name,Fibroblastic liposarcoma,8890/0,
dx_name,Dedifferentiated liposarcoma,8890/1,
dx_name,Angiomyolipoma,8890/3,
dx_name,"Angiolipoma, NOS",8891/0,
dx_name,Chondroid lipoma,8891/3,
dx_name,Myelolipoma,8892/0,
dx_name,Hibernoma,8893/0,
dx_name,Lipoblastomatosis,8894/0,
dx_name,"Leiomyoma, NOS",8894/3,
dx_name,"Leiomyomatosis, NOS",8895/0,
dx_name,"Leiomyosarcoma, NOS",8895/3,
dx_name,Epithelioid leiomyoma,8896/3,
dx_name,Epithelioid leiomyosarcoma,8897/1,
dx_name,Cellular leiomyoma,8898/1,
dx_name,Bizarre leiomyoma,8900/0,
dx_name,Angioleiomyoma,8900/3,
dx_name,Angiomyosarcoma,8901/3,
dx_name,Myoma,8902/3,
dx_name,Myosarcoma,8903/0,
dx_name,Myxoid leiomyosarcoma,8904/0,
dx_name,Smooth muscle tumor of uncertain malignant potential,8905/0,
dx_name,Metastasizing leiomyoma,8910/3,
dx_name,"Rhabdomyoma, NOS",8912/3,
dx_name,"Rhabdomyosarcoma, NOS",8920/3,
dx_name,"Pleomorphic rhabdomyosarcoma, adult type",8921/3,
dx_name,Mixed type rhabdomyosarcoma,8740/0,
dx_name,Fetal rhabdomyoma,8740/3,
dx_name,Adult cellular rhabdomyoma,8741/2,
dx_name,Genital rhabdomyoma,8741/3,
dx_name,"Embryonal rhabdomyosarcoma, NOS",8742/2,
dx_name,Spindle cell rhabdomyosarcoma,8742/3,
dx_name,Alveolar rhabdomyosarcoma,8743/3,
dx_name,Ectomesenchymoma,8744/3,
dx_name,"Junctional nevus, NOS",8745/3,
dx_name,Malignant melanoma in junctional nevus,8746/3,
dx_name,"Precancerous melanosis, NOS",8750/0,
dx_name,Malignant melanoma in precancerous melanosis,8760/0,
dx_name,Lentigo maligna,8761/0,
dx_name,Lentigo maligna melanoma,8761/1,
dx_name,Low cumulative sun damage melanoma,8761/3,
dx_name,Acral melanoma,8762/1,
dx_name,"Desmoplastic melanoma, NOS",8770/0,
dx_name,Mucosal lentiginous melanoma,8770/3,
dx_name,Dermal nevus,8771/0,
dx_name,Compound nevus,8771/3,
dx_name,"Congenital melanocytic nevus, NOS",8772/0,
dx_name,"Giant pigmented nevus, NOS",8772/3,
dx_name,Malignant melanoma arising in giant congenital nevus,8773/3,
dx_name,Proliferative dermal lesion in congenital nevus,8774/3,
dx_name,Epithelioid and spindle cell nevus,8780/0,
dx_name,Malignant Spitz tumor,8780/3,
dx_name,Epithelioid cell nevus,8790/0,
dx_name,Epithelioid cell melanoma,8800/0,
dx_name,"Spindle cell nevus, NOS",8800/3,
dx_name,"Spindle cell melanoma, NOS",8800/9,
dx_name,"Spindle cell melanoma, type A",8801/3,
dx_name,"Spindle cell melanoma, type B",8802/3,
dx_name,"Blue nevus, NOS",8803/3,
dx_name,"Blue nevus, malignant",8804/3,
dx_name,Cellular blue nevus,8805/3,
dx_name,"Soft tissue tumor, benign",8806/3,
dx_name,"Sarcoma, NOS",8810/0,
dx_name,"Sarcomatosis, NOS",8810/1,
dx_name,Spindle cell sarcoma,8810/3,
dx_name,Giant cell sarcoma,8811/0,
dx_name,Small cell sarcoma,8811/3,
dx_name,"Epithelioid sarcoma, NOS",8812/0,
dx_name,Undifferentiated sarcoma,8812/3,
dx_name,Desmoplastic small round cell tumor,8813/0,
dx_name,"Fibroma, NOS",8813/3,
dx_name,Cellular fibroma,8814/3,
dx_name,"Fibrosarcoma, NOS",8815/0,
dx_name,"Fibromyxoma, NOS",8815/3,
dx_name,Myxofibrosarcoma,8820/0,
dx_name,Periosteal fibroma,8821/1,
dx_name,Periosteal fibrosarcoma,8822/1,
dx_name,Fibroma of tendon sheath,8823/0,
dx_name,Fascial fibrosarcoma,8824/0,
dx_name,Infantile fibrosarcoma,8824/1,
dx_name,"Solitary fibrous tumor/Hemangiopericytoma, grade 1",8825/0,
dx_name,"Solitary fibrous tumor, malignant",8825/1,
dx_name,Elastofibroma,8826/0,
dx_name,Aggressive fibromatosis,8827/1,
dx_name,Abdominal fibromatosis,8830/0,
dx_name,Sclerotic fibroma,8830/1,
dx_name,Myofibroma,8830/3,
dx_name,Myofibromatosis,8831/0,
dx_name,Myofibroblastoma,8832/0,
dx_name,"Myofibroblastic tumor, NOS",8832/3,
dx_name,Angiomyofibroblastoma,8833/3,
dx_name,"Myofibroblastic tumor, peribronchial",8834/1,
dx_name,"Benign fibrous histiocytoma, NOS",8835/1,
dx_name,Atypical fibrous histiocytoma,8836/1,
dx_name,Malignant fibrous histiocytoma,8840/0,
dx_name,"Histiocytoma, NOS",8840/3,
dx_name,"Dermatofibroma, NOS",8841/1,
dx_name,"Dermatofibrosarcoma protuberans, fibrosarcomatous",8842/0,
dx_name,Pigmented dermatofibrosarcoma protuberans,8850/0,
dx_name,Giant cell fibroblastoma,8850/1,
dx_name,Plexiform fibrohistiocytic tumor,8850/3,
dx_name,Angiomatoid fibrous histiocytoma,8936/0,
dx_name,"Myxoma, NOS",8936/1,
dx_name,Myxosarcoma,8936/3,
dx_name,Angiomyxoma,8940/0,
dx_name,"Ossifying fibromyxoid tumor, NOS",8940/3,
dx_name,"Lipoma, NOS",8941/3,
dx_name,Atypical lipomatous tumor,8930/0,
dx_name,"Liposarcoma, NOS",8930/3,
dx_name,"Gastrointestinal stromal tumor, benign",8931/3,
dx_name,"Gastrointestinal stromal tumor, NOS",8932/0,
dx_name,Gastrointestinal stromal tumor,8933/3,
dx_name,Pleomorphic adenoma,8934/3,
dx_name,"Mixed tumor, malignant, NOS",8935/0,
dx_name,Carcinoma ex pleomorphic adenoma,8935/1,
dx_name,Endometrial stromal nodule,8935/3,
dx_name,"Endometrial stromal sarcoma, NOS",9300/0,
dx_name,"Endometrial stromal sarcoma, low grade",9301/0,
dx_name,"Adenomyoma, NOS",9302/0,
dx_name,Adenosarcoma,9310/0,
dx_name,Carcinofibroma,9310/3,
dx_name,"Stromal tumor, benign",9311/0,
dx_name,"Stromal tumor, NOS",9312/0,
dx_name,"Stromal sarcoma, NOS",9320/0,
dx_name,Adenomatoid odontogenic tumor,9321/0,
dx_name,Calcifying odontogenic cyst,9322/0,
dx_name,Dentinogenic ghost cell tumor,9330/0,
dx_name,"Ameloblastoma, NOS",9330/3,
dx_name,"Ameloblastoma, metastasizing",9340/0,
dx_name,Odontoameloblastoma,9341/1,
dx_name,Squamous odontogenic tumor,9342/3,
dx_name,Odontogenic myxoma,9350/1,
dx_name,"Odontogenic fibroma, NOS",9351/1,
dx_name,Peripheral odontogenic fibroma,9352/1,
dx_name,Ameloblastic fibroma,9360/1,
dx_name,Ameloblastic fibrosarcoma,9361/1,
dx_name,Calcifying epithelial odontogenic tumor,9362/3,
dx_name,Clear cell odontogenic tumor,9363/0,
dx_name,Odontogenic carcinosarcoma,9364/3,
dx_name,"Craniopharyngioma, NOS",9365/3,
dx_name,"Craniopharyngioma, adamantinomatous",9370/3,
dx_name,"Craniopharyngioma, papillary",9371/3,
dx_name,Pinealoma,9372/3,
dx_name,Pineocytoma,9373/0,
dx_name,Pineoblastoma,9380/3,
dx_name,Melanotic neuroectodermal tumor,9381/3,
dx_name,Ewing sarcoma,9382/3,
dx_name,Askin tumor,9383/1,
dx_name,"Chordoma, NOS",9384/1,
dx_name,Chondroid chordoma,9390/0,
dx_name,Dedifferentiated chordoma,9390/1,
dx_name,Parachordoma,9390/3,
dx_name,"Glioma, malignant",9391/3,
dx_name,Gliomatosis cerebri,8521/3,
dx_name,"Oligoastrocytoma, NOS",8522/2,
dx_name,Subependymoma,8522/3,
dx_name,Subependymal giant cell astrocytoma,8523/3,
dx_name,"Choroid plexus papilloma, NOS",8524/3,
dx_name,Atypical choroid plexus papilloma,8525/3,
dx_name,Choroid plexus carcinoma,8530/3,
dx_name,"Ependymoma, NOS",8540/3,
dx_name,Infiltrating ductular carcinoma,8541/3,
dx_name,Intraductal carcinoma and lobular carcinoma in situ,8542/3,
dx_name,Infiltrating duct and lobular carcinoma,8543/3,
dx_name,Infiltrating duct mixed with other types of carcinoma,8550/0,
dx_name,Infiltrating lobular mixed with other types of carcinoma,8550/1,
dx_name,Polymorphous adenocarcinoma,8550/3,
dx_name,Inflammatory carcinoma,8551/3,
dx_name,"Paget disease, mammary",8560/0,
dx_name,Paget disease and infiltrating duct carcinoma of breast,8560/3,
dx_name,"Paget disease, extramammary",8561/0,
dx_name,Paget disease and intraductal carcinoma of breast,8562/3,
dx_name,Acinar cell adenoma,8570/3,
dx_name,Acinar cell tumor,8571/3,
dx_name,Acinar cell carcinoma,8572/3,
dx_name,Acinar cell cystadenocarcinoma,8573/3,
dx_name,Mixed squamous cell and glandular papilloma,8574/3,
dx_name,Adenosquamous carcinoma,8575/3,
dx_name,Adenolymphoma,8576/3,
dx_name,Epithelial-myoepithelial carcinoma,8580/0,
dx_name,Adenocarcinoma with squamous metaplasia,8580/1,
dx_name,Adenocarcinoma with cartilaginous and osseous metaplasia,8580/3,
dx_name,Adenocarcinoma with spindle cell metaplasia,8581/1,
dx_name,Adenocarcinoma with apocrine metaplasia,8581/3,
dx_name,Adenocarcinoma with neuroendocrine differentiation,8582/1,
dx_name,"Metaplastic carcinoma, NOS",8582/3,
dx_name,Hepatoid adenocarcinoma,8583/1,
dx_name,Microscopic thymoma,8583/3,
dx_name,Micronodular thymoma with lymphoid stroma,8584/1,
dx_name,"Thymoma, NOS",8584/3,
dx_name,"Thymoma, type A, NOS",8585/1,
dx_name,"Thymoma, type A",8585/3,
dx_name,"Thymoma, type AB, NOS",8586/3,
dx_name,"Thymoma, type AB",8587/0,
dx_name,"Thymoma, type B1, NOS",8588/3,
dx_name,"Thymoma, type B1",8589/3,
dx_name,"Thymoma, type B2, NOS",8590/1,
dx_name,"Thymoma, type B2",8591/1,
dx_name,"Thymoma, type B3, NOS",8592/1,
dx_name,"Thymoma, type B3",8593/1,
dx_name,"Thymic carcinoma, NOS",8600/0,
dx_name,Ectopic hamartomatous thymoma,8600/3,
dx_name,Spindle epithelial tumor with thymus-like element,8601/0,
dx_name,Intrathyroid thymic carcinoma,8602/0,
dx_name,"Sex cord-gonadal stromal tumor, NOS",8610/0,
dx_name,"Sex cord-gonadal stromal tumor, incompletely differentiated",8620/1,
dx_name,"Sex cord-gonadal stromal tumor, mixed forms",8620/3,
dx_name,Stromal tumor with minor sex cord elements,8621/1,
dx_name,"Thecoma, NOS",8622/1,
dx_name,"Thecoma, malignant",8623/1,
dx_name,"Thecoma, luteinized",8630/0,
dx_name,Sclerosing stromal tumor,8630/1,
dx_name,"Luteoma, NOS",8630/3,
dx_name,Adult granulosa cell tumor of testis,8631/0,
dx_name,Adult granulosa cell tumor of ovary,8631/1,
dx_name,Granulosa cell-theca cell tumor,8631/3,
dx_name,"Granulosa cell tumor, juvenile",8632/1,
dx_name,Sex cord tumor with annular tubules,8633/1,
dx_name,"Androblastoma, benign",8634/1,
dx_name,"Androblastoma, NOS",8634/3,
dx_name,"Androblastoma, malignant",8640/1,
dx_name,"Sertoli-Leydig cell tumor, well differentiated",8640/3,
dx_name,"Sertoli-Leydig cell tumor of intermediate differentiation, NOS",8641/0,
dx_name,"Sertoli-Leydig cell tumor, poorly differentiated",8642/1,
dx_name,Gynandroblastoma,8650/0,
dx_name,"Sertoli-Leydig cell tumor, retiform",8650/1,
dx_name,"Sertoli-Leydig cell tumor, intermediate differentiation, with heterologous elements",8650/3,
dx_name,"Sertoli-Leydig cell tumor, poorly differentiated, with heterologous elements",8660/0,
dx_name,"Sertoli cell tumor, NOS",8670/0,
dx_name,Sertoli cell carcinoma,8670/3,
dx_name,Sertoli cell tumor with lipid storage,8671/0,
dx_name,Large cell calcifying Sertoli cell tumor,8680/0,
dx_name,"Leydig cell tumor of ovary, NOS",8680/1,
dx_name,"Leydig cell tumor of testis, NOS",8680/3,
dx_name,"Leydig cell tumor, malignant",8681/1,
dx_name,Hilus cell tumor,8682/1,
dx_name,Lipid cell tumor of ovary,8683/0,
dx_name,"Steroid cell tumor, malignant",8690/1,
dx_name,Adrenal rest tumor,8691/1,
dx_name,"Paraganglioma, benign",8692/1,
dx_name,"Paraganglioma, NOS",8693/1,
dx_name,"Paraganglioma, NOS",8693/3,
dx_name,Sympathetic paraganglioma,8700/0,
dx_name,Parasympathetic paraganglioma,8700/3,
dx_name,Gangliocytic paraganglioma,8710/3,
dx_name,"Glomus jugulare tumor, NOS",8711/0,
dx_name,Aortic body tumor,8711/3,
dx_name,Carotid body tumor,8712/0,
dx_name,"Extra-adrenal paraganglioma, NOS",8713/0,
dx_name,"Extra-adrenal paraganglioma, NOS",8720/0,
dx_name,"Pheochromocytoma, NOS",8720/2,
dx_name,"Pheochromocytoma, NOS",8720/3,
dx_name,Glomangiosarcoma,8721/3,
dx_name,"Glomus tumor, NOS",8722/0,
dx_name,"Glomus tumor, malignant",8722/3,
dx_name,Glomangioma,8723/0,
dx_name,Glomangiomyoma,8723/3,
dx_name,"Pigmented nevus, NOS",8725/0,
dx_name,Melanoma in situ,8726/0,
dx_name,"Malignant melanoma, NOS",8727/0,
dx_name,Nodular melanoma,8728/0,
dx_name,Balloon cell nevus,8728/1,
dx_name,Balloon cell melanoma,8728/3,
dx_name,Halo nevus,8730/0,
dx_name,"Malignant melanoma, regressing",8730/3,
dx_name,Neuronevus,8010/2,
dx_name,Magnocellular nevus,8010/3,
dx_name,Dysplastic nevus,8010/6,
dx_name,Meningeal melanocytosis,8010/9,
dx_name,Meningeal melanocytoma,8011/0,
dx_name,Meningeal melanomatosis,8011/3,
dx_name,Nonpigmented nevus,8012/3,
dx_name,Amelanotic melanoma,8013/3,
dx_name,"Carcinoma in situ, NOS",8014/3,
dx_name,"Carcinoma, NOS",8015/3,
dx_name,"Carcinoma, metastatic, NOS",8020/3,
dx_name,Carcinomatosis,8021/3,
dx_name,"Epithelioma, benign",8022/3,
dx_name,"Epithelioma, malignant",8030/3,
dx_name,"Large cell carcinoma, NOS",8031/3,
dx_name,Large cell neuroendocrine carcinoma,8032/3,
dx_name,Large cell carcinoma with rhabdoid phenotype,8033/3,
dx_name,Glassy cell carcinoma,8034/3,
dx_name,"Carcinoma, undifferentiated, NOS",8035/3,
dx_name,"Carcinoma, anaplastic, NOS",8040/0,
dx_name,Pleomorphic carcinoma,8040/1,
dx_name,Giant cell and spindle cell carcinoma,8041/3,
dx_name,Giant cell carcinoma,8042/3,
dx_name,"Spindle cell carcinoma, NOS",8043/3,
dx_name,Pseudosarcomatous carcinoma,8044/3,
dx_name,Polygonal cell carcinoma,8045/3,
dx_name,Carcinoma with osteoclast-like giant cells,8046/3,
dx_name,"Tumorlet, benign",8050/0,
dx_name,"Tumorlet, NOS",8050/2,
dx_name,"Small cell carcinoma, NOS",8050/3,
dx_name,Oat cell carcinoma,8051/0,
dx_name,"Small cell carcinoma, fusiform cell",8051/3,
dx_name,"Small cell carcinoma, intermediate cell",8052/0,
dx_name,Combined small cell carcinoma,8052/2,
dx_name,Non-small cell carcinoma,8052/3,
dx_name,"Papilloma, NOS",8053/0,
dx_name,"Papillary carcinoma in situ, NOS",8060/0,
dx_name,"Papillary carcinoma, NOS",8070/2,
dx_name,Verrucous papilloma,8070/3,
dx_name,"Verrucous carcinoma, NOS",8070/6,
dx_name,"Squamous cell papilloma, NOS",8071/3,
dx_name,"Papillary squamous cell carcinoma, non-invasive",8072/3,
dx_name,Papillary squamous cell carcinoma,8073/3,
dx_name,"Squamous cell papilloma, inverted",8074/3,
dx_name,Squamous papillomatosis,8075/3,
dx_name,"Squamous cell carcinoma in situ, NOS",8076/2,
dx_name,"Squamous cell carcinoma, NOS",8076/3,
dx_name,"Squamous cell carcinoma, metastatic, NOS",8077/2,
dx_name,"Squamous cell carcinoma, keratinizing, NOS",8078/3,
dx_name,"Squamous cell carcinoma, large cell, nonkeratinizing, NOS",8080/2,
dx_name,"Squamous cell carcinoma, small cell, nonkeratinizing",8081/2,
dx_name,"Squamous cell carcinoma, spindle cell",8082/3,
dx_name,"Squamous cell carcinoma, adenoid",8083/3,
dx_name,Squamous cell carcinoma in situ with questionable stromal invasion,8084/3,
dx_name,"Squamous cell carcinoma, microinvasive",8090/1,
dx_name,"Squamous intraepithelial neoplasia, high grade",8090/3,
dx_name,Squamous cell carcinoma with horn formation,8091/3,
dx_name,Queyrat erythroplasia,8092/3,
dx_name,Bowen disease,8093/3,
dx_name,Lymphoepithelial carcinoma,8094/3,
dx_name,Basaloid squamous cell carcinoma,8095/3,
dx_name,"Squamous cell carcinoma, clear cell type",8096/0,
dx_name,Basal cell tumor,8097/3,
dx_name,"Basal cell carcinoma, NOS",8098/3,
dx_name,Superficial basal cell carcinoma,8100/0,
dx_name,"Infiltrating basal cell carcinoma, NOS",8101/0,
dx_name,"Basal cell carcinoma, fibroepithelial",8102/0,
dx_name,Basosquamous carcinoma,8102/3,
dx_name,Metatypical carcinoma,8103/0,
dx_name,Intraepidermal epithelioma of Jadassohn,8110/0,
dx_name,"Basal cell carcinoma, nodular",8110/3,
dx_name,Adenoid basal carcinoma,8120/0,
dx_name,Trichoepithelioma,8120/1,
dx_name,Trichofolliculoma,8120/2,
dx_name,Trichilemmoma,8120/3,
dx_name,Trichilemmocarcinoma,8121/0,
dx_name,Pilar tumor,8121/1,
dx_name,"Pilomatricoma, NOS",8121/3,
dx_name,Pilomatrical carcinoma,8122/3,
dx_name,"Urothelial papilloma, NOS",8123/3,
dx_name,"Urothelial papilloma, NOS",8124/3,
dx_name,Urothelial carcinoma in situ,8130/1,
dx_name,"Transitional cell carcinoma, NOS",8130/2,
dx_name,"Sinonasal papilloma, exophytic",8130/3,
dx_name,"Sinonasal papilloma, inverted",8131/3,
dx_name,Schneiderian carcinoma,8140/0,
dx_name,"Urothelial carcinoma, sarcomatoid",8140/1,
dx_name,Basaloid carcinoma,8140/2,
dx_name,Cloacogenic carcinoma,8140/3,
dx_name,Papillary urothelial neoplasm of low malignant potential,8140/6,
dx_name,"Papillary urothelial carcinoma, non-invasive",8141/3,
dx_name,Papillary urothelial carcinoma,8142/3,
dx_name,"Urothelial carcinoma, micropapillary",8143/3,
dx_name,"Adenoma, NOS",8144/3,
dx_name,Atypical adenoma,8145/3,
dx_name,"Adenocarcinoma in situ, NOS",8146/0,
dx_name,"Adenocarcinoma, NOS",8147/0,
dx_name,"Adenocarcinoma, metastatic, NOS",8147/3,
dx_name,Scirrhous adenocarcinoma,8148/2,
dx_name,Linitis plastica,8149/0,
dx_name,Superficial spreading adenocarcinoma,8150/0,
dx_name,"Adenocarcinoma, intestinal type",8150/1,
dx_name,"Carcinoma, diffuse type",8150/3,
dx_name,Monomorphic adenoma,8151/0,
dx_name,Basal cell adenoma,8151/3,
dx_name,Basal cell adenocarcinoma,8152/1,
dx_name,"Glandular intraepithelial neoplasia, high grade",8152/3,
dx_name,Canalicular adenoma,8153/1,
dx_name,Pancreatic neuroendocrine microadenoma,8153/3,
dx_name,"Pancreatic endocrine tumor, NOS",8154/3,
dx_name,"Pancreatic neuroendocrine tumor, nonfunctioning",8155/1,
dx_name,"Insulinoma, NOS",8155/3,
dx_name,"Insulinoma, NOS",8156/1,
dx_name,"Glucagonoma, NOS",8156/3,
dx_name,Glucagonoma,8157/1,
dx_name,"Gastrinoma, NOS",8157/3,
dx_name,Gastrinoma,8160/0,
dx_name,Mixed neuroendocrine non-neuroendocrine neoplasm (MiNEN),8160/3,
dx_name,"Vipoma, NOS",8161/0,
dx_name,Vipoma,8161/3,
dx_name,"Somatostatinoma, NOS",8162/3,
dx_name,Somatostatinoma,8170/0,
dx_name,"Enteroglucagonoma, NOS",8170/3,
dx_name,"Enteroglucagonoma, malignant",8171/3,
dx_name,Bile duct adenoma,8172/3,
dx_name,Cholangiocarcinoma,8173/3,
dx_name,Bile duct cystadenoma,8174/3,
dx_name,Bile duct cystadenocarcinoma,8175/3,
dx_name,Perihilar cholangiocarcinoma,8180/3,
dx_name,Liver cell adenoma,8190/0,
dx_name,"Hepatocellular carcinoma, NOS",8190/3,
dx_name,"Hepatocellular carcinoma, fibrolamellar",8191/0,
dx_name,"Hepatocellular carcinoma, scirrhous",8200/0,
dx_name,"Hepatocellular carcinoma, spindle cell variant",8200/3,
dx_name,"Hepatocellular carcinoma, clear cell type",8201/2,
dx_name,"Hepatocellular carcinoma, pleomorphic type",8201/3,
dx_name,Combined hepatocellular carcinoma and cholangiocarcinoma,8202/0,
dx_name,Trabecular adenoma,8204/0,
dx_name,Trabecular adenocarcinoma,8210/0,
dx_name,Embryonal adenoma,8210/2,
dx_name,Eccrine dermal cylindroma,8210/3,
dx_name,Adenoid cystic carcinoma,8211/0,
dx_name,Cribriform carcinoma in situ,8211/3,
dx_name,"Cribriform carcinoma, NOS",8212/0,
dx_name,Microcystic adenoma,8213/0,
dx_name,Lactating adenoma,8214/3,
dx_name,"Adenomatous polyp, NOS",8215/3,
dx_name,Adenocarcinoma in situ in adenomatous polyp,8220/0,
dx_name,Adenocarcinoma in adenomatous polyp,8220/3,
dx_name,"Tubular adenoma, NOS",8221/0,
dx_name,Tubular adenocarcinoma,8221/3,
dx_name,Flat adenoma,8230/2,
dx_name,"Serrated adenoma, NOS",8230/3,
dx_name,Parietal cell carcinoma,8231/3,
dx_name,Adenocarcinoma of anal glands,8240/1,
dx_name,Adenomatous polyposis coli,8240/3,
dx_name,Adenocarcinoma in adenomatous polyposis coli,8241/3,
dx_name,Multiple adenomatous polyps,8242/1,
dx_name,Adenocarcinoma in multiple adenomatous polyps,8242/3,
dx_name,"Ductal carcinoma in situ, solid type",8243/3,
dx_name,"Solid carcinoma, NOS",8244/3,
dx_name,Carcinoma simplex,8245/1,
dx_name,Carcinoid tumor of uncertain malignant potential,8245/3,
dx_name,"Neuroendocrine tumor, NOS",8246/3,
dx_name,Enterochromaffin cell carcinoid,8247/3,
dx_name,"Enterochromaffin-like cell carcinoid, NOS",8248/1,
dx_name,Enterochromaffin-like cell tumor,8249/3,
dx_name,Goblet cell carcinoid,8250/1,
dx_name,Mixed adenoneuroendocrine carcinoma,8250/3,
dx_name,Tubular carcinoid,8251/0,
dx_name,Adenocarcinoid tumor,8251/3,
dx_name,"Neuroendocrine carcinoma, NOS",8252/3,
dx_name,Merkel cell carcinoma,8253/3,
dx_name,Apudoma,8254/3,
dx_name,"Neuroendocrine tumor, grade 2",8255/3,
dx_name,Pulmonary adenomatosis,8260/0,
dx_name,Lepidic adenocarcinoma,8260/3,
dx_name,Alveolar adenoma,8261/0,
dx_name,Alveolar adenocarcinoma,8261/2,
dx_name,"Bronchiolo-alveolar carcinoma, non-mucinous",8261/3,
dx_name,"Adenocarcinoma of lung, mucinous",8262/3,
dx_name,"Adenocarcinoma of lung, mixed mucinous and non-mucinous",8263/0,
dx_name,Adenocarcinoma with mixed subtypes,8263/2,
dx_name,"Papillary adenoma, NOS",8263/3,
dx_name,"Papillary adenocarcinoma, NOS",8264/0,
dx_name,"Villous adenoma, NOS",8270/0,
dx_name,Adenocarcinoma in situ in villous adenoma,8270/3,
dx_name,Adenocarcinoma in villous adenoma,8271/0,
dx_name,Villous adenocarcinoma,8272/0,
dx_name,"Tubulovillous adenoma, NOS",8272/3,
dx_name,Adenocarcinoma in situ in tubulovillous adenoma,8280/0,
dx_name,Adenocarcinoma in tubulovillous adenoma,8280/3,
dx_name,"Papillomatosis, glandular",8281/0,
dx_name,Chromophobe adenoma,8281/3,
dx_name,Chromophobe carcinoma,8290/0,
dx_name,Lactotroph adenoma,8290/3,
dx_name,"Pituitary adenoma, NOS",8300/0,
dx_name,"Pituitary carcinoma, NOS",8300/3,
dx_name,Acidophil adenoma,8310/0,
dx_name,Acidophil carcinoma,8310/3,
dx_name,Mixed acidophil-basophil adenoma,8311/1,
dx_name,Mixed acidophil-basophil carcinoma,8312/3,
dx_name,Oxyphilic adenoma,8313/0,
dx_name,Oxyphilic adenocarcinoma,8313/1,
dx_name,Basophil adenoma,8313/3,
dx_name,Basophil carcinoma,8314/3,
dx_name,Clear cell adenoma,8315/3,
dx_name,"Clear cell adenocarcinoma, NOS",8316/3,
dx_name,Hypernephroid tumor,8317/3,
dx_name,"Renal cell carcinoma, NOS",8318/3,
dx_name,Clear cell adenofibroma,8319/3,
dx_name,Clear cell borderline tumor,8320/3,
dx_name,Clear cell adenocarcinofibroma,8321/0,
dx_name,Lipid-rich carcinoma,8322/0,
dx_name,Glycogen-rich carcinoma,8322/3,
dx_name,Cyst-associated renal cell carcinoma,8323/0,
dx_name,"Renal cell carcinoma, chromophobe type",8323/3,
dx_name,"Renal cell carcinoma, sarcomatoid",8324/0,
dx_name,Collecting duct carcinoma,8325/0,
dx_name,Granular cell carcinoma,8330/0,
dx_name,Chief cell adenoma,8330/1,
dx_name,Water-clear cell adenoma,8330/3,
dx_name,Water-clear cell adenocarcinoma,8331/3,
dx_name,Mixed cell adenoma,8332/3,
dx_name,Mixed cell adenocarcinoma,8333/0,
dx_name,Lipoadenoma,8333/3,
dx_name,Metanephric adenoma,8334/0,
dx_name,"Follicular adenoma, NOS",8335/3,
dx_name,Atypical follicular adenoma,8336/0,
dx_name,"Follicular carcinoma, NOS",8337/3,
dx_name,"Follicular adenocarcinoma, well differentiated",8340/3,
dx_name,"Follicular adenocarcinoma, trabecular",8341/3,
dx_name,"Microfollicular adenoma, NOS",8342/3,
dx_name,Fetal adenocarcinoma,8343/3,
dx_name,Macrofollicular adenoma,8265/3,
dx_name,"Follicular carcinoma, minimally invasive",8480/1,
dx_name,Hyalinizing trabecular adenoma,9815/3,
dx_name,Poorly differentiated thyroid carcinoma,8163/0,
dx_name,"Papillary carcinoma, follicular variant",9751/3,
dx_name,Papillary microcarcinoma,9975/3,
dx_name,"Papillary carcinoma, oncocytic variant",9911/3,
dx_name,"Papillary carcinoma, encapsulated, of thyroid",9712/3,
dx_name,"Micropapillary carcinoma, NOS",9597/3,
dx_name,Low grade appendiceal mucinous neoplasm,9738/3,
dx_name,B lymphoblastic leukemia/lymphoma with hyperdiploidy,9814/3,
dx_name,"Pancreatobiliary neoplasm, non-invasive",9898/1,
dx_name,"Langerhans cell histiocytosis, disseminated",9724/3,
dx_name,"Myeloproliferative neoplasm, unclassifiable",9818/3,
dx_name,Acute myeloid leukemia (megakaryoblastic) with t(1;22)(p13;q13); RBM15-MKL1,9869/3,
dx_name,Intravascular large B-cell lymphoma,9395/3,
dx_name,Primary cutaneous follicle center lymphoma,8163/2,
dx_name,HHV8 positive diffuse large B-cell lymphoma,9735/3,
dx_name,B lymphoblastic leukemia/lymphoma with t(12;21)(p13;q22); TEL-AML1 (ETV6-RUNX1),9726/3,
dx_name,Transient abnormal myelopoiesis,9809/3,
dx_name,Systemic EBV positive T-cell lymphoproliferative disease of childhood,9831/3,
dx_name,B lymphoblastic leukemia/lymphoma with t(1;19)(q23;p13.3); E2A-PBX1 (TCF3-PBX1),9966/3,
dx_name,Acute myeloid leukemia with inv(3)(q21;q26.2) or t(3;3)(q21;q26.2); RPN1-EVI1,9813/3,
dx_name,Papillary tumor of pineal region,9725/3,
dx_name,"Papillary neoplasm, pancreatobiliary type, with high grade intraepithelial neoplasia",9432/1,
dx_name,Plasmablastic lymphoma,9817/3,
dx_name,Primary cutaneous gamma-delta T-cell lymphoma,9688/3,
dx_name,"Mixed phenotype acute leukemia, T/myeloid, NOS",8148/0,
dx_name,T-cell large granular lymphocytic leukemia,8975/1,
dx_name,Myeloid neoplasm with PDGFRB rearrangement,9991/3,
dx_name,B lymphoblastic leukemia/lymphoma with t(v;11q23); MLL rearranged,9971/1,
dx_name,Hydroa vacciniforme-like lymphoma,8213/3,
dx_name,Pituicytoma,8077/0,
dx_name,B lymphoblastic leukemia/lymphoma with t(5;14)(q31;q32); IL3-IGH,9808/3,
dx_name,T-cell/histiocyte rich large B-cell lymphoma,9741/1,
dx_name,"Glandular intraepithelial neoplasia, low grade",9759/3,
dx_name,Calcifying nested stromal-epithelial tumor,9865/3,
dx_name,Refractory neutropenia,8163/3,
dx_name,"Post-transplant lymphoproliferative disorder, NOS",9967/3,
dx_name,Serrated adenocarcinoma,9425/3,
dx_name,"Squamous intraepithelial neoplasia, low grade",9971/3,
dx_name,"Mixed phenotype acute leukemia, B/myeloid, NOS",8552/3,
dx_name,Indolent systemic mastocytosis,9807/3,
dx_name,Fibroblastic reticular cell tumor,9965/3,
dx_name,Acute myeloid leukemia with t(6;9)(p23;q34); DEK-NUP214,9806/3,
dx_name,Pancreatobiliary type carcinoma,9816/3,
dx_name,Myeloid or lymphoid neoplasm with FGFR1 abnormalities,9509/1,
dx_name,Pilomyxoid astrocytoma,9992/3,
dx_name,Polymorphic PTLD,9431/1,
dx_name,Mixed acinar-ductal carcinoma,9812/3,
dx_name,Mixed phenotype acute leukemia with t(v;11q23); MLL rearranged,9898/3,
dx_name,Myeloid or lymphoid neoplasm with PDGFRA rearrangement,9811/3,
dx_name,Mixed phenotype acute leukemia with t(9;22)(q34;q11.2); BCR-ABL1,8950/3,
dx_name,B lymphoblastic leukemia/lymphoma with hypodiploidy (Hypodiploid ALL),8951/3,
dx_name,Papillary glioneuronal tumor,8959/0,
dx_name,Refractory thrombocytopenia,8959/1,
dx_name,Angiocentric glioma,8959/3,
dx_name,B lymphoblastic leukemia/lymphoma with t(9;22)(q34;q11.2); BCR-ABL1,8960/1,
dx_name,Myeloid leukemia associated with Down syndrome,8960/3,
dx_name,"B lymphoblastic leukemia/lymphoma, NOS",8963/3,
dx_name,Mullerian mixed tumor,8964/3,
dx_name,Mesodermal mixed tumor,8965/0,
dx_name,Benign cystic nephroma,8966/0,
dx_name,Cystic partially differentiated nephroblastoma,8967/0,
dx_name,Malignant cystic nephroma,8970/3,
dx_name,Mesoblastic nephroma,8971/3,
dx_name,"Nephroblastoma, NOS",8972/3,
dx_name,"Rhabdoid tumor, NOS",8973/3,
dx_name,Clear cell sarcoma of kidney,8974/1,
dx_name,Nephrogenic adenofibroma,8980/3,
dx_name,Renomedullary interstitial cell tumor,8981/3,
dx_name,Ossifying renal tumor,8982/0,
dx_name,"Hepatoblastoma, NOS",8982/3,
dx_name,Pancreatoblastoma,8983/0,
dx_name,Pulmonary blastoma,8990/0,
dx_name,Pleuropulmonary blastoma,8990/1,
dx_name,Sialoblastoma,8990/3,
dx_name,"Carcinosarcoma, NOS",8991/3,
dx_name,"Carcinosarcoma, embryonal",9000/0,
dx_name,"Myoepithelioma, NOS",9000/1,
dx_name,Myoepithelial carcinoma,9000/3,
dx_name,"Adenomyoepithelioma, NOS",9010/0,
dx_name,"Mesenchymoma, benign",9011/0,
dx_name,"Mesenchymoma, NOS",9012/0,
dx_name,"Mesenchymoma, malignant",9013/0,
dx_name,Embryonal sarcoma,9014/0,
dx_name,"Brenner tumor, NOS",9014/1,
dx_name,"Brenner tumor, borderline malignancy",9014/3,
dx_name,"Brenner tumor, malignant",9015/0,
dx_name,"Fibroadenoma, NOS",9015/1,
dx_name,Intracanalicular fibroadenoma,9015/3,
dx_name,Pericanalicular fibroadenoma,9016/0,
dx_name,"Adenofibroma, NOS",9020/0,
dx_name,"Serous adenofibroma, NOS",9020/1,
dx_name,Serous adenofibroma of borderline malignancy,9020/3,
dx_name,Serous adenocarcinofibroma,9030/0,
dx_name,"Mucinous adenofibroma, NOS",9040/0,
dx_name,Mucinous adenofibroma of borderline malignancy,9040/3,
dx_name,Mucinous adenocarcinofibroma,9041/3,
dx_name,Giant fibroadenoma,9042/3,
dx_name,"Phyllodes tumor, benign",9043/3,
dx_name,"Phyllodes tumor, borderline",9044/3,
dx_name,"Phyllodes tumor, malignant",9050/0,
dx_name,Juvenile fibroadenoma,9050/3,
dx_name,"Synovioma, benign",9051/0,
dx_name,"Synovial sarcoma, NOS",9051/3,
dx_name,"Synovial sarcoma, spindle cell",9052/0,
dx_name,"Synovial sarcoma, epithelioid cell",9052/3,
dx_name,"Synovial sarcoma, biphasic",9053/3,
dx_name,"Clear cell sarcoma, NOS",9054/0,
dx_name,"Mesothelioma, benign",9055/0,
dx_name,"Mesothelioma, malignant",9055/1,
dx_name,"Fibrous mesothelioma, benign",9060/3,
dx_name,"Fibrous mesothelioma, malignant",9061/3,
dx_name,"Epithelioid mesothelioma, benign",9062/3,
dx_name,"Epithelioid mesothelioma, malignant",9063/3,
dx_name,"Mesothelioma, biphasic, malignant",9064/2,
dx_name,"Adenomatoid tumor, NOS",9064/3,
dx_name,Peritoneal inclusion cysts,9065/3,
dx_name,"Cystic mesothelioma, NOS",9070/3,
dx_name,Dysgerminoma,9071/3,
dx_name,"Seminoma, NOS",9072/3,
dx_name,"Seminoma, anaplastic",9073/1,
dx_name,Spermatocytic seminoma,9080/0,
dx_name,Intratubular malignant germ cells,9080/1,
dx_name,Germinoma,9080/3,
dx_name,"Germ cell tumor, nonseminomatous",9081/3,
dx_name,"Embryonal carcinoma, NOS",9082/3,
dx_name,"Yolk sac tumor, NOS",9083/3,
dx_name,Polyembryoma,9084/0,
dx_name,Gonadoblastoma,9084/3,
dx_name,"Teratoma, benign",9085/3,
dx_name,"Teratoma, NOS",9090/0,
dx_name,"Teratoma, malignant, NOS",9090/3,
dx_name,Teratocarcinoma,9091/1,
dx_name,"Malignant teratoma, undifferentiated",9100/0,
dx_name,"Malignant teratoma, intermediate",9100/1,
dx_name,"Dermoid cyst, NOS",9100/3,
dx_name,Teratoma with malignant transformation,9101/3,
dx_name,Mixed germ cell tumor,9102/3,
dx_name,"Struma ovarii, NOS",9103/0,
dx_name,"Struma ovarii, malignant",9104/1,
dx_name,Strumal carcinoid,9105/3,
dx_name,"Hydatidiform mole, NOS",9110/0,
dx_name,Invasive hydatidiform mole,9110/1,
dx_name,"Choriocarcinoma, NOS",9110/3,
dx_name,Choriocarcinoma combined with other germ cell elements,9120/0,
dx_name,"Malignant teratoma, trophoblastic",9120/3,
dx_name,Partial hydatidiform mole,9121/0,
dx_name,Placental site trophoblastic tumor,9122/0,
dx_name,"Trophoblastic tumor, epithelioid",9123/0,
dx_name,Adenoma of rete ovarii,9124/3,
dx_name,Wolffian tumor,9125/0,
dx_name,"Mesonephroma, malignant",9130/0,
dx_name,"Hemangioma, NOS",9130/1,
dx_name,Hemangiosarcoma,9130/3,
dx_name,Cavernous hemangioma,9131/0,
dx_name,Venous hemangioma,9132/0,
dx_name,Racemose hemangioma,9133/1,
dx_name,Kupffer cell sarcoma,9133/3,
dx_name,Epithelioid hemangioma,9135/1,
dx_name,"Hemangioendothelioma, benign",9136/1,
dx_name,"Hemangioendothelioma, NOS",9140/3,
dx_name,"Hemangioendothelioma, malignant",9141/0,
dx_name,Capillary hemangioma,9142/0,
dx_name,Intramuscular hemangioma,9150/0,
dx_name,"Epithelioid hemangioendothelioma, NOS",9150/1,
dx_name,"Epithelioid hemangioendothelioma, NOS",9150/3,
dx_name,Papillary intralymphatic angioendothelioma,9160/0,
dx_name,Spindle cell hemangioendothelioma,9161/0,
dx_name,Kaposi sarcoma,9161/1,
dx_name,Angiokeratoma,9170/0,
dx_name,Verrucous keratotic hemangioma,9170/3,
dx_name,"Hemangiopericytoma, benign",9171/0,
dx_name,"Hemangiopericytoma, NOS",9172/0,
dx_name,"Hemangiopericytoma, malignant",9173/0,
dx_name,"Angiofibroma, NOS",9174/0,
dx_name,Acquired tufted hemangioma,9174/1,
dx_name,Hemangioblastoma,9175/0,
dx_name,"Lymphangioma, NOS",9180/0,
dx_name,Lymphangiosarcoma,9180/3,
dx_name,Capillary lymphangioma,9181/3,
dx_name,Cavernous lymphangioma,9182/3,
dx_name,Cystic lymphangioma,9183/3,
dx_name,Lymphangiomyoma,9184/3,
dx_name,Lymphangioleiomyomatosis,9185/3,
dx_name,Hemolymphangioma,9186/3,
dx_name,"Osteoma, NOS",9187/3,
dx_name,"Osteosarcoma, NOS",9191/0,
dx_name,Chondroblastic osteosarcoma,9192/3,
dx_name,Fibroblastic osteosarcoma,9193/3,
dx_name,Telangiectatic osteosarcoma,9194/3,
dx_name,Osteosarcoma in Paget disease of bone,9195/3,
dx_name,Small cell osteosarcoma,9200/0,
dx_name,"Central osteosarcoma, NOS",9200/1,
dx_name,Low grade central osteosarcoma,9210/0,
dx_name,"Osteoid osteoma, NOS",9210/1,
dx_name,Parosteal osteosarcoma,9220/0,
dx_name,Periosteal osteosarcoma,9220/1,
dx_name,High grade surface osteosarcoma,9220/3,
dx_name,Intracortical osteosarcoma,9221/0,
dx_name,"Osteoblastoma, NOS",9221/3,
dx_name,Aggressive osteoblastoma,9230/0,
dx_name,Osteochondroma,9230/3,
dx_name,"Osteochondromatosis, NOS",9231/3,
dx_name,"Chondroma, NOS",9240/3,
dx_name,"Chondromatosis, NOS",9241/0,
dx_name,"Chondrosarcoma, NOS",9242/3,
dx_name,Periosteal chondroma,9243/3,
dx_name,Periosteal chondrosarcoma,9250/1,
dx_name,"Chondroblastoma, NOS",9250/3,
dx_name,"Chondroblastoma, malignant",9251/1,
dx_name,Myxoid chondrosarcoma,9251/3,
dx_name,Mesenchymal chondrosarcoma,9252/0,
dx_name,Chondromyxoid fibroma,9252/3,
dx_name,Clear cell chondrosarcoma,9260/3,
dx_name,Dedifferentiated chondrosarcoma,9261/3,
dx_name,"Giant cell tumor of bone, NOS",9262/0,
dx_name,"Giant cell tumor of bone, malignant",9270/0,
dx_name,"Giant cell tumor of soft parts, NOS",9270/1,
dx_name,Malignant giant cell tumor of soft parts,9270/3,
dx_name,"Tenosynovial giant cell tumor, NOS",9271/0,
dx_name,Malignant tenosynovial giant cell tumor,9272/0,
dx_name,Ewing sarcoma,9273/0,
dx_name,Adamantinoma of long bones,9274/0,
dx_name,Ossifying fibroma,9275/0,
dx_name,"Odontogenic tumor, benign",9280/0,
dx_name,"Odontogenic tumor, NOS",9281/0,
dx_name,"Odontogenic tumor, malignant",9282/0,
dx_name,Ameloblastic fibrodentinoma,9290/0,
dx_name,"Cementoma, NOS",9290/3,
dx_name,"Cementoblastoma, benign",9392/3,
dx_name,Cemento-ossifying fibroma,9393/3,
dx_name,Gigantiform cementoma,9394/1,
dx_name,"Odontoma, NOS",9400/3,
dx_name,Compound odontoma,9401/3,
dx_name,Complex odontoma,9410/3,
dx_name,Ameloblastic fibro-odontoma,9411/3,
dx_name,Ameloblastic odontosarcoma,9412/1,
dx_name,"Ependymoma, anaplastic",9413/0,
dx_name,Papillary ependymoma,9420/3,
dx_name,Myxopapillary ependymoma,9421/1,
dx_name,"Astrocytoma, NOS",9423/3,
dx_name,"Astrocytoma, anaplastic, NOS",9424/3,
dx_name,Protoplasmic astrocytoma,9430/3,
dx_name,"Gemistocytic astrocytoma, NOS",9440/3,
dx_name,Desmoplastic infantile astrocytoma,9441/3,
dx_name,Dysembryoplastic neuroepithelial tumor,9442/1,
dx_name,Fibrillary astrocytoma,9442/3,
dx_name,Pilocytic astrocytoma,9444/1,
dx_name,Polar spongioblastoma,9450/3,
dx_name,"Pleomorphic xanthoastrocytoma, NOS",9451/3,
dx_name,Astroblastoma,9460/3,
dx_name,"Glioblastoma, NOS",9470/3,
dx_name,Giant cell glioblastoma,9471/3,
dx_name,Gliofibroma,9472/3,
dx_name,Gliosarcoma,9473/3,
dx_name,Chordoid glioma,9474/3,
dx_name,"Oligodendroglioma, NOS",9480/3,
dx_name,"Oligodendroglioma, anaplastic, NOS",9490/0,
dx_name,Oligodendroblastoma,9490/3,
dx_name,"Medulloblastoma, NOS",9491/0,
dx_name,Desmoplastic nodular medulloblastoma,9492/0,
dx_name,Medullomyoblastoma,9493/0,
dx_name,"CNS embryonal tumor, NOS",9500/3,
dx_name,Large cell medulloblastoma,9501/0,
dx_name,"Cerebellar sarcoma, NOS",9501/3,
dx_name,Ganglioneuroma,9502/0,
dx_name,Ganglioneuroblastoma,9502/3,
dx_name,Ganglioneuromatosis,9503/3,
dx_name,"Gangliocytoma, NOS",9504/3,
dx_name,Dysplastic gangliocytoma of cerebellum (Lhermitte-Duclos),9505/1,
dx_name,"Neuroblastoma, NOS",9505/3,
dx_name,"Medulloepithelioma, benign",9506/1,
dx_name,"Medulloepithelioma, NOS",9507/0,
dx_name,"Teratoid medulloepithelioma, benign",9508/3,
dx_name,"Teratoid medulloepithelioma, NOS",9510/0,
dx_name,"Neuroepithelioma, NOS",9510/3,
dx_name,Spongioneuroblastoma,9511/3,
dx_name,"Ganglioglioma, NOS",9512/3,
dx_name,"Ganglioglioma, anaplastic",9513/3,
dx_name,Central neurocytoma,9514/1,
dx_name,Pacinian tumor,9520/3,
dx_name,Atypical teratoid/rhabdoid tumor,9521/3,
dx_name,Retinocytoma,9522/3,
dx_name,"Retinoblastoma, NOS",9523/3,
dx_name,"Retinoblastoma, differentiated",9530/0,
dx_name,"Retinoblastoma, undifferentiated",9530/1,
dx_name,"Retinoblastoma, diffuse",9530/3,
dx_name,"Retinoblastoma, spontaneously regressed",9531/0,
dx_name,Olfactory neurogenic tumor,9532/0,
dx_name,Olfactory neurocytoma,9533/0,
dx_name,Olfactory neuroblastoma,9534/0,
dx_name,Olfactory neuroepithelioma,9535/0,
dx_name,"Meningioma, NOS",9537/0,
dx_name,"Meningiomatosis, NOS",9538/1,
dx_name,"Meningioma, malignant",9538/3,
dx_name,Meningothelial meningioma,9539/1,
dx_name,Fibrous meningioma,9539/3,
dx_name,Psammomatous meningioma,9540/0,
dx_name,Angiomatous meningioma,9540/1,
dx_name,Hemangioblastic meningioma,9540/3,
dx_name,Transitional meningioma,9541/0,
dx_name,Clear cell meningioma,9550/0,
dx_name,Papillary meningioma,9560/0,
dx_name,Atypical meningioma,9560/1,
dx_name,Meningeal sarcomatosis,9560/3,
dx_name,"Neurofibroma, NOS",9561/3,
dx_name,"Neurofibromatosis, NOS",9562/0,
dx_name,"Malignant peripheral nerve sheath tumor, NOS",9570/0,
dx_name,Melanotic neurofibroma,9571/0,
dx_name,Plexiform neurofibroma,9571/3,
dx_name,"Schwannoma, NOS",9580/0,
dx_name,Melanotic schwannoma,9580/3,
dx_name,"Neurilemoma, malignant",9581/3,
dx_name,Malignant peripheral nerve sheath tumor with rhabdomyoblastic differentiation,9582/0,
dx_name,Nerve sheath myxoma,9590/3,
dx_name,"Neuroma, NOS",9591/3,
dx_name,"Perineurioma, NOS",9596/3,
dx_name,"Perineurioma, malignant",9650/3,
dx_name,"Granular cell tumor, NOS",9651/3,
dx_name,"Granular cell tumor, malignant",9652/3,
dx_name,Alveolar soft part sarcoma,9653/3,
dx_name,Granular cell tumor of sellar region,9654/3,
dx_name,"Malignant lymphoma, NOS",9655/3,
dx_name,"Malignant lymphoma, non-Hodgkin, NOS",9659/3,
dx_name,Composite Hodgkin and non-Hodgkin lymphoma,9661/3,
dx_name,"Hodgkin lymphoma, NOS",9662/3,
dx_name,"Hodgkin lymphoma, lymphocyte-rich",9663/3,
dx_name,"Hodgkin lymphoma, mixed cellularity, NOS",9664/3,
dx_name,"Hodgkin lymphoma, lymphocyte depletion, NOS",9665/3,
dx_name,"Hodgkin lymphoma, lymphocyte depletion, diffuse fibrosis",9667/3,
dx_name,"Hodgkin lymphoma, lymphocyte depletion, reticular",9670/3,
dx_name,"Hodgkin lymphoma, nodular lymphocyte predominant",9671/3,
dx_name,Hodgkin granuloma,9673/3,
dx_name,Hodgkin sarcoma,9675/3,
dx_name,"Hodgkin lymphoma, nodular sclerosis, NOS",9678/3,
dx_name,"Hodgkin lymphoma, nodular sclerosis, cellular phase",9679/3,
dx_name,"Hodgkin lymphoma, nodular sclerosis, grade 1",9680/3,
dx_name,"Hodgkin lymphoma, nodular sclerosis, grade 2",9684/3,
dx_name,"ML, small B lymphocytic, NOS",9687/3,
dx_name,Lymphoplasmacytic lymphoma,9689/3,
dx_name,Mantle cell lymphoma,9690/3,
dx_name,"Malignant lymphoma, mixed small and large cell, diffuse",9691/3,
dx_name,Primary effusion lymphoma,9695/3,
dx_name,Mediastinal large B-cell lymphoma,9698/3,
dx_name,"Diffuse large B-cell lymphoma, NOS",9699/3,
dx_name,"Malignant lymphoma, large B-cell, diffuse, immunoblastic, NOS",9700/3,
dx_name,"Burkitt lymphoma, NOS",9701/3,
dx_name,Splenic marginal zone B-cell lymphoma,9702/3,
dx_name,"Follicular lymphoma, NOS",9705/3,
dx_name,"Follicular lymphoma, grade 2",9708/3,
dx_name,"Follicular lymphoma, grade 1",9709/3,
dx_name,"Follicular lymphoma, grade 3",9714/3,
dx_name,"Marginal zone B-cell lymphoma, NOS",9716/3,
dx_name,Mycosis fungoides,9717/3,
dx_name,Sezary syndrome,9718/3,
dx_name,"Mature T-cell lymphoma, NOS",9719/3,
dx_name,Angioimmunoblastic T-cell lymphoma,9727/3,
dx_name,Subcutaneous panniculitis-like T-cell lymphoma,9728/3,
dx_name,"Cutaneous T-cell lymphoma, NOS",9729/3,
dx_name,"Anaplastic large cell lymphoma, T-cell and Null-cell type",9731/3,
dx_name,Hepatosplenic T-cell lymphoma,9732/3,
dx_name,Intestinal T-cell lymphoma,9733/3,
dx_name,Primary cutaneous anaplastic large cell lymphoma,9734/3,
dx_name,"NK/T-cell lymphoma, nasal and nasal type",9740/1,
dx_name,"Precursor cell lymphoblastic lymphoma, NOS",9740/3,
dx_name,Precursor B-cell lymphoblastic lymphoma,9741/3,
dx_name,Precursor T-cell lymphoblastic lymphoma,9742/3,
dx_name,"Plasmacytoma, NOS",9750/3,
dx_name,Plasma cell myeloma,9751/1,
dx_name,Plasma cell leukemia,9752/1,
dx_name,"Plasmacytoma, extramedullary",9753/1,
dx_name,"Mastocytoma, NOS",9754/3,
dx_name,Mast cell sarcoma,9755/3,
dx_name,Malignant mastocytosis,9756/3,
dx_name,Mast cell leukemia,9757/3,
dx_name,Malignant histiocytosis,9758/3,
dx_name,"Langerhans cell histiocytosis, NOS",9760/3,
dx_name,"Langerhans cell histiocytosis, unifocal",9761/3,
dx_name,"Langerhans cell histiocytosis, multifocal",9762/3,
dx_name,"Langerhans cell histiocytosis, disseminated",9764/3,
dx_name,Histiocytic sarcoma,9765/1,
dx_name,Langerhans cell sarcoma,9766/1,
dx_name,Interdigitating dendritic cell sarcoma,9767/1,
dx_name,Follicular dendritic cell sarcoma,9768/1,
dx_name,"Immunoproliferative disease, NOS",9769/1,
dx_name,Waldenstrom macroglobulinemia,9800/3,
dx_name,"Heavy chain disease, NOS",9801/3,
dx_name,Immunoproliferative small intestinal disease,9805/3,
dx_name,"Monoclonal gammopathy of undetermined significance, NOS",9820/3,
dx_name,Angiocentric immunoproliferative lesion,9823/3,
dx_name,Angioimmunoblastic lymphadenopathy (AIL),9826/3,
dx_name,T-gamma lymphoproliferative disease,9827/3,
dx_name,Immunoglobulin deposition disease,9831/1,
dx_name,"Leukemia, NOS",9832/3,
dx_name,"Acute leukemia, NOS",9833/3,
dx_name,Acute biphenotypic leukemia,9834/3,
dx_name,"Lymphoid leukemia, NOS",9835/3,
dx_name,B-cell chronic lymphocytic leukemia/small lymphocytic lymphoma,9836/3,
dx_name,Burkitt cell leukemia,9837/3,
dx_name,Adult T-cell leukemia/lymphoma (HTLV-1 positive),9840/3,
dx_name,T-cell large granular lymphocytic leukemia,9860/3,
dx_name,"Prolymphocytic leukemia, NOS",9861/3,
dx_name,"Prolymphocytic leukemia, B-cell type",9863/3,
dx_name,"Prolymphocytic leukemia, T-cell type",9866/3,
dx_name,"Precursor cell lymphoblastic leukemia, NOS",9867/3,
dx_name,Precursor B-cell lymphoblastic leukemia,9870/3,
dx_name,Precursor T-cell lymphoblastic leukemia,9871/3,
dx_name,Acute erythroid leukemia,9872/3,
dx_name,"Myeloid leukemia, NOS",9873/3,
dx_name,"Acute myeloid leukemia, NOS",9874/3,
dx_name,"Chronic myeloid leukemia, NOS",9875/3,
dx_name,"Acute promyelocytic leukemia, t(15;17)(q22;q11-12)",9876/3,
dx_name,"Acute myelomonocytic leukemia, NOS",9891/3,
dx_name,Acute basophilic leukemia,9895/3,
dx_name,Acute myeloid leukemia with abnormal marrow eosinophils,9896/3,
dx_name,"Acute myeloid leukemia, minimal differentiation",9897/3,
dx_name,Acute myeloid leukemia without maturation,9910/3,
dx_name,Acute myeloid leukemia with maturation,9920/3,
dx_name,"Chronic myelogenous leukemia, BCR/ABL positive",9930/3,
dx_name,"Atypical chronic myeloid leukemia, BCR/ABL negative",9931/3,
dx_name,Acute monocytic leukemia,9940/3,
dx_name,Acute myeloid leukemia with myelodysplasia-related changes,9945/3,
dx_name,"Acute myeloid leukemia, t(8;21)(q22;q22)",9946/3,
dx_name,"Acute myeloid leukemia, 11q23 abnormalities",9948/3,
dx_name,Acute megakaryoblastic leukemia,9950/3,
dx_name,Therapy-related myeloid neoplasm,9960/3,
dx_name,Myeloid sarcoma,9961/3,
dx_name,Acute panmyelosis with myelofibrosis,9962/3,
dx_name,"Hairy cell leukemia, NOS",9963/3,
dx_name,"Chronic myelomonocytic leukemia, NOS",9964/3,
dx_name,"Juvenile myelomonocytic leukemia, NOS",9970/1,
dx_name,Aggressive NK-cell leukemia,9975/1,
dx_name,Polycythemia vera,9980/3,
dx_name,"Myeloproliferative neoplasm, NOS",9982/3,
dx_name,Primary myelofibrosis,9983/3,
dx_name,Essential thrombocythemia,9984/3,
dx_name,Chronic neutrophilic leukemia,9985/3,
dx_name,Chronic eosinophilic leukemia,9986/3,
dx_name,"Lymphoproliferative disorder, NOS",9987/3,
dx_name,"Myeloproliferative disease, NOS",9989/3,
dx_name,Myelodysplastic syndrome with single lineage dysplasia,9737/3,
dx_name,Myelodysplastic syndrome with ring sideroblasts and single lineage dysplasia,8158/1,
dx_name,Myelodysplastic syndrome with excess blasts,/0,
dx_name,Refractory anemia with excess blasts in transformation,/1,
dx_name,Myelodysplastic syndrome with multilineage dysplasia,/2,
dx_name,Myelodysplastic syndrome with isolated del (5q),/3,
dx_name,"Therapy-related myelodysplastic syndrome, NOS",/6,
dx_name,"Myelodysplastic syndrome, NOS",/9,
dx_name,ALK positive large B-cell lymphoma,8440/1,
dx_name,"Endocrine tumor, functioning, NOS",8631/2,
dx_name,Benign,9384/0,
dx_name,Uncertain whether benign or malignant,9490/1,
dx_name,Carcinoma in situ,9509/3,
dx_name,"Malignant, primary site",,
dx_name,"Malignant, metastatic site",,
dx_name,"Malignant, uncertain whether primary or metastatic site",,
dx_name,NULL,,
dx_name,NULL,,
dx_name,NULL,,
dx_name,NULL,,
dx_name,NULL,,
